test_login_with_valid_data[firefox-mona.lisa@lelouvre.fr-mona@Davensi123-Mona Lisa],"('..\\..\\..\\Users\\kych\\.virtualenvs\\VerifypytestBDD-LeCBJ2sy\\lib\\site-packages\\pytest_bdd\\scenario.py', 216, 'test_login_with_valid_data[firefox-mona.lisa@lelouvre.fr-mona@Davensi123-Mona Lisa]')",<Module test_login.py>,C:\Mydata\Automation\VerifypytestBDD\step_defs\test_login.py,<_pytest.config.Config object at 0x0000020F4A1CAEC0>
test_login_with_valid_data[webkit-mona.lisa@lelouvre.fr-mona@Davensi123-Mona Lisa],"('..\\..\\..\\Users\\kych\\.virtualenvs\\VerifypytestBDD-LeCBJ2sy\\lib\\site-packages\\pytest_bdd\\scenario.py', 216, 'test_login_with_valid_data[webkit-mona.lisa@lelouvre.fr-mona@Davensi123-Mona Lisa]')",<Module test_login.py>,C:\Mydata\Automation\VerifypytestBDD\step_defs\test_login.py,<_pytest.config.Config object at 0x0000020F4A1CAEC0>
test_login_with_invalid_username_or_invalid_password[firefox-my.vo@dirox.net-klsjksldjf-user not found],"('..\\..\\..\\Users\\kych\\.virtualenvs\\VerifypytestBDD-LeCBJ2sy\\lib\\site-packages\\pytest_bdd\\scenario.py', 216, 'test_login_with_invalid_username_or_invalid_password[firefox-my.vo@dirox.net-klsjksldjf-user not found]')",<Module test_login.py>,C:\Mydata\Automation\VerifypytestBDD\step_defs\test_login.py,<_pytest.config.Config object at 0x0000020F4A1CAEC0>
test_login_with_invalid_username_or_invalid_password[webkit-my.vo@dirox.net-klsjksldjf-user not found],"('..\\..\\..\\Users\\kych\\.virtualenvs\\VerifypytestBDD-LeCBJ2sy\\lib\\site-packages\\pytest_bdd\\scenario.py', 216, 'test_login_with_invalid_username_or_invalid_password[webkit-my.vo@dirox.net-klsjksldjf-user not found]')",<Module test_login.py>,C:\Mydata\Automation\VerifypytestBDD\step_defs\test_login.py,<_pytest.config.Config object at 0x0000020F4A1CAEC0>
test_capture_a_api_response_and_compare_later[firefox],"('..\\..\\..\\Users\\kych\\.virtualenvs\\VerifypytestBDD-LeCBJ2sy\\lib\\site-packages\\pytest_bdd\\scenario.py', 216, 'test_capture_a_api_response_and_compare_later[firefox]')",<Module test_reqIntercept.py>,C:\Mydata\Automation\VerifypytestBDD\step_defs\test_reqIntercept.py,<_pytest.config.Config object at 0x0000020F4A1CAEC0>
test_capture_a_api_response_and_compare_later[webkit],"('..\\..\\..\\Users\\kych\\.virtualenvs\\VerifypytestBDD-LeCBJ2sy\\lib\\site-packages\\pytest_bdd\\scenario.py', 216, 'test_capture_a_api_response_and_compare_later[webkit]')",<Module test_reqIntercept.py>,C:\Mydata\Automation\VerifypytestBDD\step_defs\test_reqIntercept.py,<_pytest.config.Config object at 0x0000020F4A1CAEC0>
test_intercept_the_api_response[firefox],"('..\\..\\..\\Users\\kych\\.virtualenvs\\VerifypytestBDD-LeCBJ2sy\\lib\\site-packages\\pytest_bdd\\scenario.py', 216, 'test_intercept_the_api_response[firefox]')",<Module test_reqIntercept.py>,C:\Mydata\Automation\VerifypytestBDD\step_defs\test_reqIntercept.py,<_pytest.config.Config object at 0x0000020F4A1CAEC0>
test_intercept_the_api_response[webkit],"('..\\..\\..\\Users\\kych\\.virtualenvs\\VerifypytestBDD-LeCBJ2sy\\lib\\site-packages\\pytest_bdd\\scenario.py', 216, 'test_intercept_the_api_response[webkit]')",<Module test_reqIntercept.py>,C:\Mydata\Automation\VerifypytestBDD\step_defs\test_reqIntercept.py,<_pytest.config.Config object at 0x0000020F4A1CAEC0>
test_google[firefox],"('unittest\\test_withoutfeature.py', 49, 'test_google[firefox]')",<Module unittest/test_withoutfeature.py>,C:\Mydata\Automation\VerifypytestBDD\unittest\test_withoutfeature.py,<_pytest.config.Config object at 0x0000020F4A1CAEC0>
test_google[webkit],"('unittest\\test_withoutfeature.py', 49, 'test_google[webkit]')",<Module unittest/test_withoutfeature.py>,C:\Mydata\Automation\VerifypytestBDD\unittest\test_withoutfeature.py,<_pytest.config.Config object at 0x0000020F4A1CAEC0>
